step,time_s,posX_m,posY_m,posZ_m,velX_mps,velY_mps,velZ_mps,speed_mps,horizSpeed_mps,thrust_N,thrust_kN,mass_kg,fuel_kg,twr,tilt_deg,pitchRate_dps,yawRate_dps,gimbalX_deg,gimbalZ_deg,miss_m,controlMode
1,0.0500,0.000,1796.503,0.000,-0.014,-69.884,-0.001,69.884,0.014,462092.1,462.09,39592.41,13992.41,1.191,2.003,0.016,0.094,-0.543,0.674,0.000,Hybrid
2,0.1000,-0.001,1793.012,0.000,-0.027,-69.769,0.000,69.769,0.027,460464.5,460.46,39584.85,13984.85,1.187,2.010,0.000,0.191,0.548,0.700,0.001,Hybrid
3,0.1500,-0.003,1789.526,0.000,-0.040,-69.657,0.000,69.657,0.040,458870.6,458.87,39577.32,13977.32,1.183,2.022,0.000,0.290,-0.551,0.730,0.003,Hybrid
4,0.2000,-0.005,1786.046,0.000,-0.053,-69.547,0.001,69.547,0.053,457310.1,457.31,39569.81,13969.81,1.179,2.040,-0.016,0.393,0.551,0.762,0.005,Hybrid
5,0.2500,-0.008,1782.571,0.000,-0.066,-69.438,-0.003,69.438,0.066,455782.3,455.78,39562.33,13962.33,1.175,2.062,0.048,0.499,-0.549,0.798,0.008,Hybrid
6,0.3000,-0.012,1779.102,0.000,-0.078,-69.332,0.002,69.332,0.078,454286.8,454.29,39554.87,13954.87,1.172,2.090,-0.031,0.610,-0.582,0.837,0.012,Hybrid
7,0.3500,-0.016,1775.638,0.000,-0.091,-69.227,0.001,69.227,0.091,452823.0,452.82,39547.43,13947.43,1.168,2.124,-0.017,0.724,0.570,0.880,0.016,Hybrid
8,0.4000,-0.021,1772.179,0.000,-0.103,-69.124,-0.005,69.124,0.103,451391.0,451.39,39540.02,13940.02,1.165,2.163,0.066,0.844,0.619,0.927,0.021,Hybrid
9,0.4500,-0.027,1768.726,0.000,-0.115,-69.023,0.000,69.023,0.115,449990.0,449.99,39532.64,13932.64,1.161,2.209,0.001,0.969,-0.594,0.978,0.027,Hybrid
10,0.5000,-0.033,1765.277,0.000,-0.127,-68.923,0.006,68.923,0.128,448619.8,448.62,39525.27,13925.27,1.158,2.261,-0.085,1.100,-0.653,1.034,0.033,Hybrid
11,0.5500,-0.039,1761.833,0.000,-0.139,-68.825,0.000,68.825,0.139,447279.8,447.28,39517.93,13917.93,1.155,2.320,-0.001,1.237,0.620,1.094,0.039,Hybrid
12,0.6000,-0.047,1758.395,0.000,-0.151,-68.729,-0.006,68.729,0.152,445970.3,445.97,39510.61,13910.61,1.152,2.385,0.089,1.381,0.684,1.160,0.047,Hybrid
13,0.6500,-0.054,1754.960,0.000,-0.163,-68.634,-0.001,68.634,0.163,444690.6,444.69,39503.31,13903.31,1.149,2.459,0.019,1.533,-0.648,1.231,0.054,Hybrid
14,0.7000,-0.063,1751.531,0.000,-0.175,-68.541,0.005,68.541,0.175,443440.3,443.44,39496.03,13896.03,1.146,2.540,-0.074,1.694,-0.711,1.308,0.063,Hybrid
15,0.7500,-0.072,1748.106,0.000,-0.187,-68.449,0.003,68.449,0.187,442628.4,442.63,39488.77,13888.77,1.144,2.629,-0.039,1.863,0.684,1.392,0.072,Hybrid
16,0.8000,-0.082,1744.686,0.000,-0.199,-68.357,-0.004,68.358,0.199,442326.6,442.33,39481.52,13881.51,1.143,2.727,0.059,2.043,0.746,1.483,0.082,Hybrid
17,0.8500,-0.092,1741.271,0.000,-0.211,-68.266,-0.003,68.267,0.211,442037.1,442.04,39474.27,13874.27,1.143,2.834,0.041,2.234,-0.731,1.581,0.092,Hybrid
18,0.9000,-0.103,1737.860,0.000,-0.223,-68.176,0.005,68.176,0.223,441760.1,441.76,39467.02,13867.02,1.142,2.952,-0.063,2.438,-0.800,1.688,0.103,Hybrid
19,0.9500,-0.114,1734.453,0.000,-0.236,-68.085,0.002,68.086,0.236,441495.9,441.50,39459.78,13859.78,1.142,3.079,-0.022,2.654,0.792,1.804,0.114,Hybrid
20,1.0000,-0.126,1731.051,0.000,-0.248,-67.995,-0.007,67.995,0.248,441244.9,441.24,39452.55,13852.55,1.141,3.218,0.092,2.885,0.877,1.929,0.126,Hybrid
21,1.0500,-0.139,1727.654,0.000,-0.260,-67.905,0.002,67.906,0.260,441007.4,441.01,39445.31,13845.31,1.141,3.369,-0.024,3.132,-0.872,2.065,0.139,Hybrid
22,1.1000,-0.152,1724.261,0.000,-0.273,-67.815,0.002,67.816,0.273,440783.8,440.78,39438.09,13838.09,1.140,3.533,-0.025,3.396,0.894,2.213,0.152,Hybrid
23,1.1500,-0.166,1720.872,0.000,-0.286,-67.726,-0.004,67.727,0.286,440574.6,440.57,39430.86,13830.86,1.140,3.711,0.052,3.678,-0.927,2.373,0.166,Hybrid
24,1.2000,-0.181,1717.488,0.000,-0.298,-67.637,0.006,67.637,0.298,440380.5,440.38,39423.64,13823.64,1.140,3.903,-0.081,3.980,-1.023,2.547,0.181,Hybrid
25,1.2500,-0.196,1714.108,0.000,-0.311,-67.548,-0.004,67.548,0.311,440201.9,440.20,39416.42,13816.42,1.139,4.111,0.056,4.305,1.054,2.736,0.196,Hybrid
26,1.3000,-0.212,1710.733,0.000,-0.325,-67.459,0.002,67.460,0.325,440039.4,440.04,39409.21,13809.21,1.139,4.335,-0.030,4.652,-1.094,2.933,0.212,Hybrid
27,1.3500,-0.229,1707.363,0.000,-0.338,-67.370,0.000,67.371,0.338,439893.9,439.89,39401.99,13801.99,1.139,4.578,0.001,5.024,1.148,3.140,0.229,Hybrid
28,1.4000,-0.246,1703.996,0.000,-0.352,-67.281,-0.002,67.282,0.352,439766.1,439.77,39394.79,13794.79,1.139,4.840,0.033,5.422,-1.213,3.362,0.246,Hybrid
29,1.4500,-0.264,1700.635,0.000,-0.366,-67.193,0.005,67.194,0.366,439657.0,439.66,39387.58,13787.58,1.139,5.123,-0.071,5.847,1.283,3.601,0.264,Hybrid
30,1.5000,-0.282,1697.277,0.000,-0.381,-67.105,-0.008,67.106,0.381,439567.1,439.57,39380.37,13780.37,1.139,5.427,0.115,6.302,1.445,3.839,0.282,Hybrid
31,1.5500,-0.302,1693.924,0.000,-0.396,-67.016,0.006,67.017,0.396,439497.0,439.50,39373.16,13773.16,1.139,5.756,-0.081,6.783,-1.518,4.075,0.302,Hybrid
32,1.6000,-0.322,1690.575,0.000,-0.413,-66.928,-0.003,66.929,0.413,439448.0,439.45,39365.96,13765.96,1.139,6.109,0.044,7.294,1.597,4.324,0.322,Hybrid
33,1.6500,-0.343,1687.231,0.000,-0.430,-66.840,0.000,66.841,0.430,439420.8,439.42,39358.75,13758.75,1.139,6.488,-0.001,7.834,-1.689,4.584,0.343,Hybrid
34,1.7000,-0.365,1683.891,0.000,-0.449,-66.752,0.003,66.753,0.449,439416.3,439.42,39351.54,13751.54,1.139,6.895,-0.048,8.406,1.797,4.858,0.365,Hybrid
35,1.7500,-0.388,1680.556,0.000,-0.469,-66.664,-0.008,66.665,0.469,439435.5,439.44,39344.34,13744.34,1.140,7.332,0.106,9.011,-1.914,5.143,0.388,Hybrid
36,1.8000,-0.412,1677.225,0.000,-0.491,-66.575,0.012,66.577,0.491,439479.3,439.48,39337.13,13737.13,1.140,7.800,-0.171,9.650,-2.168,5.440,0.412,Hybrid
37,1.8500,-0.437,1673.899,0.000,-0.514,-66.487,-0.009,66.489,0.514,439548.1,439.55,39329.92,13729.92,1.140,8.301,0.124,10.324,2.293,5.747,0.437,Hybrid
38,1.9000,-0.464,1670.576,0.000,-0.540,-66.399,0.005,66.401,0.540,439642.9,439.64,39322.71,13722.71,1.141,8.837,-0.067,11.034,-2.426,6.062,0.464,Hybrid
39,1.9500,-0.491,1667.259,0.000,-0.567,-66.311,0.000,66.313,0.567,439765.1,439.77,39315.51,13715.51,1.141,9.409,0.002,11.782,2.582,6.385,0.491,Hybrid
40,2.0000,-0.520,1663.945,0.000,-0.597,-66.223,-0.005,66.225,0.597,439915.6,439.92,39308.30,13708.30,1.142,10.019,0.074,12.567,-2.763,6.712,0.520,Hybrid
41,2.0500,-0.551,1660.636,0.000,-0.630,-66.135,0.012,66.138,0.631,440095.0,440.10,39301.08,13701.08,1.142,10.670,-0.163,13.390,2.956,7.047,0.551,Hybrid
42,2.1000,-0.583,1657.332,0.000,-0.667,-66.046,-0.019,66.050,0.667,440304.4,440.30,39293.87,13693.87,1.143,11.363,0.263,14.254,3.330,7.438,0.583,Hybrid
43,2.1500,-0.618,1654.032,0.000,-0.705,-65.958,0.013,65.962,0.706,440320.9,440.32,39286.65,13686.65,1.143,12.101,-0.187,15.170,-3.495,7.902,0.618,Hybrid
44,2.2000,-0.654,1650.736,0.000,-0.748,-65.875,-0.007,65.879,0.748,433625.8,433.63,39279.49,13679.49,1.126,12.886,0.098,16.114,3.668,7.965,0.654,Hybrid
45,2.2500,-0.693,1647.444,0.000,-0.799,-65.801,0.000,65.806,0.799,426665.6,426.67,39272.45,13672.44,1.108,13.716,-0.001,17.005,-3.868,7.704,0.693,Hybrid
46,2.3000,-0.734,1644.156,0.000,-0.860,-65.738,0.008,65.744,0.860,419461.6,419.46,39265.52,13665.51,1.090,14.589,-0.107,17.837,4.095,7.435,0.734,Hybrid
47,2.3500,-0.779,1640.870,0.000,-0.931,-65.685,-0.016,65.692,0.931,412032.8,412.03,39258.70,13658.70,1.071,15.503,0.224,18.609,-4.331,7.160,0.779,Hybrid
48,2.4000,-0.827,1637.587,0.000,-1.011,-65.644,0.025,65.652,1.011,404396.8,404.40,39252.02,13652.02,1.051,16.453,-0.353,19.323,-4.840,6.882,0.827,Hybrid
49,2.4500,-0.880,1634.306,0.000,-1.100,-65.614,-0.017,65.623,1.100,396570.3,396.57,39245.46,13645.46,1.031,17.437,0.243,19.978,5.059,6.596,0.880,Hybrid
50,2.5000,-0.937,1631.025,0.000,-1.199,-65.596,0.009,65.607,1.199,388568.6,388.57,39239.03,13639.03,1.010,18.453,-0.126,20.577,-5.276,6.323,0.937,Hybrid
51,2.5500,-1.000,1627.745,0.000,-1.306,-65.591,0.000,65.604,1.306,380404.3,380.40,39232.73,13632.73,0.989,19.497,-0.001,21.122,5.516,6.052,1.000,Hybrid
52,2.6000,-1.068,1624.465,0.000,-1.421,-65.599,-0.010,65.614,1.421,372088.6,372.09,39226.57,13626.57,0.968,20.567,0.134,21.615,-5.784,5.778,1.068,Hybrid
53,2.6500,-1.142,1621.185,0.000,-1.545,-65.620,0.020,65.638,1.545,363383.5,363.38,39220.55,13620.55,0.945,21.660,-0.278,22.057,6.055,5.502,1.142,Hybrid
54,2.7000,-1.223,1617.903,0.000,-1.675,-65.655,-0.030,65.677,1.676,354248.3,354.25,39214.67,13614.67,0.922,22.774,0.426,22.449,6.649,5.233,1.223,Hybrid
55,2.7500,-1.310,1614.619,0.000,-1.813,-65.705,0.021,65.730,1.813,345039.8,345.04,39208.95,13608.95,0.898,23.906,-0.290,22.793,-6.868,4.973,1.310,Hybrid
56,2.8000,-1.404,1611.332,0.000,-1.957,-65.769,-0.010,65.798,1.957,335763.5,335.76,39203.38,13603.38,0.874,25.054,0.141,23.095,7.029,4.764,1.404,Hybrid
57,2.8500,-1.503,1608.043,0.000,-1.996,-65.825,-0.010,65.855,1.996,325884.1,325.88,39198.02,13598.03,0.848,26.258,0.146,24.874,0.073,20.000,1.503,Hybrid
58,2.9000,-1.604,1604.750,-0.001,-2.044,-65.889,-0.011,65.921,2.044,315152.5,315.15,39192.78,13592.78,0.820,27.549,0.152,26.597,0.083,20.000,1.604,Hybrid
59,2.9500,-1.708,1601.453,-0.001,-2.100,-65.969,-0.011,66.002,2.100,303672.8,303.67,39187.71,13587.71,0.791,28.924,0.159,28.236,0.093,20.000,1.708,Hybrid
60,3.0000,-1.814,1598.152,-0.002,-2.162,-66.065,-0.012,66.100,2.162,291469.7,291.47,39182.84,13582.84,0.759,30.379,0.166,29.789,0.103,20.000,1.814,Hybrid
61,3.0500,-1.924,1594.847,-0.002,-2.231,-66.178,-0.012,66.216,2.231,278561.5,278.56,39178.18,13578.18,0.725,31.909,0.173,31.252,0.114,20.000,1.924,Hybrid
62,3.1000,-2.037,1591.534,-0.003,-2.306,-66.310,-0.013,66.350,2.306,264961.8,264.96,39173.73,13573.73,0.690,33.510,0.181,32.620,0.126,20.000,2.037,Hybrid
63,3.1500,-2.155,1588.215,-0.004,-2.386,-66.461,-0.013,66.504,2.386,250684.8,250.68,39169.52,13569.52,0.653,35.176,0.189,33.891,0.138,20.000,2.155,Hybrid
64,3.2000,-2.276,1584.888,-0.004,-2.470,-66.633,-0.014,66.679,2.470,235742.7,235.74,39165.54,13565.54,0.614,36.904,0.198,35.062,0.150,20.000,2.276,Hybrid
65,3.2500,-2.402,1581.552,-0.005,-2.557,-66.826,-0.014,66.875,2.558,220145.9,220.15,39161.82,13561.82,0.574,38.686,0.207,36.128,0.162,20.000,2.402,Hybrid
66,3.3000,-2.532,1578.205,-0.006,-2.647,-67.041,-0.015,67.093,2.647,203902.9,203.90,39158.36,13558.35,0.531,40.520,0.215,37.088,0.174,20.000,2.532,Hybrid
67,3.3500,-2.666,1574.847,-0.006,-2.736,-67.278,-0.015,67.334,2.736,187021.4,187.02,39155.16,13555.16,0.487,42.398,0.223,37.939,0.187,20.000,2.666,Hybrid
68,3.4000,-2.805,1571.477,-0.007,-2.825,-67.539,-0.015,67.598,2.825,169508.2,169.51,39152.25,13552.25,0.442,44.316,0.231,38.677,0.199,20.000,2.805,Hybrid
69,3.4500,-2.949,1568.093,-0.008,-2.911,-67.823,-0.016,67.885,2.911,151370.2,151.37,39149.64,13549.64,0.394,46.267,0.239,39.299,0.211,20.000,2.949,Hybrid
70,3.5000,-3.096,1564.694,-0.009,-2.992,-68.131,-0.016,68.197,2.992,132615.1,132.62,39147.32,13547.32,0.346,48.247,0.246,39.803,0.223,20.000,3.096,Hybrid
71,3.5500,-3.248,1561.280,-0.010,-3.067,-68.463,-0.016,68.532,3.067,113252.0,113.25,39145.32,13545.32,0.295,50.248,0.252,40.187,0.234,20.000,3.248,Hybrid
72,3.6000,-3.403,1557.848,-0.010,-3.133,-68.819,-0.016,68.890,3.133,93292.0,93.29,39143.64,13543.65,0.243,52.265,0.257,40.447,0.244,20.000,3.403,Hybrid
73,3.6500,-3.561,1554.397,-0.011,-3.190,-69.199,-0.016,69.272,3.190,72749.6,72.75,39142.30,13542.30,0.190,54.291,0.260,40.580,0.254,20.000,3.561,Hybrid
74,3.7000,-3.722,1550.927,-0.012,-3.236,-69.598,-0.016,69.674,3.236,63807.0,63.81,39141.23,13541.23,0.166,56.321,0.263,40.610,0.263,20.000,3.722,Hybrid
75,3.7500,-3.885,1547.437,-0.013,-3.285,-70.000,-0.017,70.077,3.285,64659.4,64.66,39140.18,13540.18,0.169,58.353,0.265,40.635,0.271,20.000,3.885,Hybrid
76,3.8000,-4.050,1543.927,-0.014,-3.337,-70.403,-0.017,70.482,3.337,65514.0,65.51,39139.11,13539.11,0.171,60.385,0.268,40.664,0.280,20.000,4.050,Hybrid
77,3.8500,-4.218,1540.397,-0.015,-3.391,-70.806,-0.017,70.887,3.391,66371.0,66.37,39138.03,13538.03,0.173,62.419,0.271,40.698,0.288,20.000,4.218,Hybrid
78,3.9000,-4.389,1536.847,-0.015,-3.449,-71.210,-0.017,71.294,3.449,67230.5,67.23,39136.93,13536.93,0.175,64.455,0.275,40.738,0.295,20.000,4.389,Hybrid
79,3.9500,-4.563,1533.276,-0.016,-3.509,-71.615,-0.017,71.701,3.509,68092.8,68.09,39135.82,13535.82,0.178,66.493,0.278,40.782,0.303,20.000,4.563,Hybrid
80,4.0000,-4.740,1529.685,-0.017,-3.572,-72.022,-0.017,72.110,3.572,68958.2,68.96,39134.70,13534.70,0.180,68.534,0.282,40.831,0.310,20.000,4.740,Hybrid
81,4.0500,-4.921,1526.073,-0.018,-3.638,-72.430,-0.017,72.521,3.639,69826.8,69.83,39133.56,13533.56,0.182,70.577,0.286,40.884,0.317,20.000,4.921,Hybrid
82,4.1000,-5.104,1522.441,-0.019,-3.708,-72.839,-0.017,72.933,3.708,70699.0,70.70,39132.41,13532.41,0.184,72.623,0.290,40.943,0.324,20.000,5.104,Hybrid
83,4.1500,-5.291,1518.789,-0.020,-3.779,-73.250,-0.017,73.347,3.779,71575.0,71.57,39131.24,13531.24,0.187,74.672,0.294,41.006,0.330,20.000,5.291,Hybrid
84,4.2000,-5.482,1515.116,-0.020,-3.854,-73.662,-0.017,73.763,3.854,72455.0,72.45,39130.06,13530.06,0.189,76.724,0.298,41.074,0.336,20.000,5.482,Hybrid
85,4.2501,-5.677,1511.423,-0.021,-3.931,-74.077,-0.017,74.181,3.931,73339.2,73.34,39128.86,13528.86,0.191,78.780,0.303,41.147,0.341,20.000,5.677,Hybrid
86,4.3001,-5.875,1507.709,-0.022,-4.011,-74.493,-0.017,74.601,4.011,74227.9,74.23,39127.65,13527.65,0.194,80.839,0.307,41.225,0.346,20.000,5.875,Hybrid
87,4.3501,-6.078,1503.974,-0.023,-4.094,-74.911,-0.017,75.023,4.094,75121.4,75.12,39126.43,13526.43,0.196,82.903,0.312,41.308,0.351,20.000,6.078,Hybrid
88,4.4001,-6.285,1500.217,-0.024,-4.180,-75.332,-0.017,75.448,4.180,76281.4,76.28,39125.19,13525.19,0.199,84.970,0.317,41.396,0.355,20.000,6.285,Hybrid
89,4.4501,-6.496,1496.440,-0.025,-4.268,-75.755,-0.017,75.875,4.268,77468.3,77.47,39123.93,13523.93,0.202,87.043,0.322,41.490,0.359,20.000,6.496,Hybrid
90,4.5001,-6.712,1492.642,-0.026,-4.359,-76.180,-0.017,76.305,4.359,78662.5,78.66,39122.64,13522.65,0.205,89.120,0.328,41.591,0.362,20.000,6.712,Hybrid
91,4.5501,-6.932,1488.822,-0.026,-4.452,-76.608,-0.017,76.737,4.452,79863.9,79.86,39121.34,13521.35,0.208,91.203,0.333,41.698,0.365,20.000,6.932,Hybrid
92,4.6001,-7.157,1484.981,-0.027,-4.549,-77.039,-0.017,77.173,4.549,81072.9,81.07,39120.03,13520.03,0.211,93.291,0.339,41.812,0.367,20.000,7.157,Hybrid
93,4.6501,-7.387,1481.118,-0.028,-4.648,-77.472,-0.017,77.611,4.648,82289.8,82.29,39118.69,13518.69,0.215,95.385,0.344,41.931,0.369,20.000,7.387,Hybrid
94,4.7001,-7.622,1477.234,-0.029,-4.749,-77.908,-0.016,78.053,4.749,83476.0,83.48,39117.32,13517.33,0.218,97.485,0.350,42.058,0.370,20.000,7.622,Hybrid
95,4.7501,-7.862,1473.328,-0.030,-4.852,-78.348,-0.016,78.498,4.852,84639.9,84.64,39115.95,13515.95,0.221,99.591,0.356,42.190,0.370,20.000,7.862,Hybrid
96,4.8001,-8.107,1469.399,-0.031,-4.958,-78.791,-0.016,78.946,4.958,85812.4,85.81,39114.55,13514.55,0.224,101.705,0.362,42.328,0.370,20.000,8.107,Hybrid
97,4.8501,-8.358,1465.448,-0.031,-5.066,-79.237,-0.016,79.399,5.066,86993.8,86.99,39113.13,13513.13,0.227,103.825,0.368,42.472,0.369,20.000,8.358,Hybrid
98,4.9001,-8.614,1461.476,-0.032,-5.175,-79.687,-0.015,79.855,5.176,88184.5,88.18,39111.70,13511.69,0.230,105.953,0.374,42.622,0.367,20.000,8.614,Hybrid
99,4.9501,-8.875,1457.480,-0.033,-5.287,-80.140,-0.015,80.314,5.287,89384.6,89.38,39110.24,13510.24,0.233,108.088,0.380,42.778,0.365,20.000,8.875,Hybrid
100,5.0001,-9.142,1453.462,-0.034,-5.400,-80.598,-0.015,80.778,5.400,90594.5,90.59,39108.76,13508.76,0.236,110.231,0.387,42.940,0.362,20.000,9.142,Hybrid
101,5.0501,-9.415,1449.420,-0.034,-5.515,-81.059,-0.014,81.246,5.515,91814.6,91.81,39107.27,13507.27,0.240,112.383,0.393,43.108,0.358,20.000,9.415,Hybrid
102,5.1001,-9.694,1445.356,-0.035,-5.630,-81.524,-0.014,81.719,5.630,93045.1,93.05,39105.75,13505.75,0.243,114.543,0.399,43.282,0.353,20.000,9.694,Hybrid
103,5.1501,-9.978,1441.267,-0.036,-5.747,-81.994,-0.014,82.195,5.747,94286.3,94.29,39104.21,13504.21,0.246,116.712,0.405,43.461,0.347,20.000,9.978,Hybrid
104,5.2001,-10.269,1437.156,-0.036,-5.865,-82.468,-0.013,82.676,5.866,95538.5,95.54,39102.66,13502.66,0.249,118.891,0.411,43.647,0.341,20.000,10.269,Hybrid
105,5.2501,-10.565,1433.020,-0.037,-5.984,-82.947,-0.013,83.162,5.984,96802.0,96.80,39101.08,13501.08,0.253,121.078,0.416,43.839,0.334,20.000,10.565,Hybrid
106,5.3001,-10.867,1428.861,-0.038,-6.104,-83.430,-0.012,83.653,6.104,98076.9,98.08,39099.48,13499.48,0.256,123.276,0.422,44.037,0.325,20.000,10.867,Hybrid
107,5.3501,-11.175,1424.678,-0.038,-6.224,-83.917,-0.011,84.148,6.224,99363.6,99.36,39097.86,13497.86,0.259,125.483,0.427,44.241,0.316,20.000,11.175,Hybrid
108,5.4001,-11.489,1420.470,-0.039,-6.344,-84.410,-0.011,84.648,6.344,100662.2,100.66,39096.22,13496.22,0.263,127.701,0.433,44.451,0.306,20.000,11.489,Hybrid
109,5.4501,-11.810,1416.237,-0.039,-6.464,-84.907,-0.010,85.153,6.464,101973.1,101.97,39094.56,13494.56,0.266,129.929,0.438,44.667,0.295,20.000,11.810,Hybrid
110,5.5001,-12.136,1411.979,-0.040,-6.584,-85.409,-0.009,85.663,6.584,103296.4,103.30,39092.88,13492.87,0.270,132.169,0.442,44.889,0.283,20.000,12.136,Hybrid
111,5.5501,-12.468,1407.696,-0.040,-6.704,-85.916,-0.008,86.178,6.704,104632.2,104.63,39091.17,13491.17,0.273,134.420,0.447,45.117,0.270,20.000,12.468,Hybrid
112,5.6001,-12.806,1403.388,-0.041,-6.823,-86.429,-0.007,86.698,6.823,105980.8,105.98,39089.44,13489.44,0.277,136.682,0.451,45.351,0.256,20.000,12.806,Hybrid
113,5.6501,-13.150,1399.053,-0.041,-6.941,-86.946,-0.006,87.223,6.941,107342.4,107.34,39087.69,13487.69,0.280,138.956,0.454,45.592,0.241,20.000,13.150,Hybrid
114,5.7001,-13.500,1394.693,-0.041,-7.057,-87.469,-0.005,87.753,7.057,108716.9,108.72,39085.92,13485.92,0.284,141.242,0.458,45.838,0.225,20.000,13.500,Hybrid
115,5.7501,-13.856,1390.306,-0.042,-7.173,-87.997,-0.004,88.289,7.173,110104.6,110.10,39084.13,13484.12,0.287,143.541,0.460,46.091,0.209,20.000,13.856,Hybrid
116,5.8001,-14.217,1385.893,-0.042,-7.287,-88.530,-0.003,88.829,7.287,111505.5,111.51,39082.30,13482.31,0.291,145.853,0.463,46.350,0.191,20.000,14.218,Hybrid
117,5.8501,-14.585,1381.453,-0.042,-7.398,-89.068,-0.002,89.375,7.398,112694.4,112.69,39080.46,13480.47,0.294,148.178,0.464,46.615,0.173,20.000,14.585,Hybrid
118,5.9001,-14.957,1376.986,-0.042,-7.507,-89.611,-0.001,89.925,7.507,113111.7,113.11,39078.61,13478.61,0.295,150.516,0.466,46.882,0.153,20.000,14.957,Hybrid
119,5.9501,-15.335,1372.492,-0.042,-7.612,-90.158,0.001,90.479,7.612,113532.3,113.53,39076.76,13476.76,0.296,152.867,0.466,47.149,0.133,20.000,15.335,Hybrid
120,6.0001,-15.718,1367.970,-0.042,-7.714,-90.710,0.002,91.037,7.714,113956.3,113.96,39074.89,13474.89,0.298,155.232,0.466,47.416,0.112,20.000,15.718,Hybrid
121,6.0501,-16.107,1363.421,-0.042,-7.811,-91.266,0.004,91.599,7.811,114383.6,114.38,39073.02,13473.02,0.299,157.610,0.465,47.684,0.090,20.000,16.107,Hybrid
122,6.1001,-16.499,1358.844,-0.041,-7.904,-91.825,0.005,92.165,7.904,114814.0,114.81,39071.14,13471.14,0.300,160.001,0.463,47.951,0.068,20.000,16.499,Hybrid
123,6.1501,-16.897,1354.238,-0.041,-7.993,-92.389,0.007,92.734,7.993,115247.6,115.25,39069.25,13469.25,0.301,162.405,0.461,48.219,0.045,20.000,16.897,Hybrid
124,6.2001,-17.299,1349.605,-0.041,-8.078,-92.956,0.008,93.307,8.078,115640.8,115.64,39067.36,13467.36,0.302,164.823,0.458,48.487,0.021,20.000,17.299,Hybrid
125,6.2501,-17.705,1344.943,-0.040,-8.157,-93.527,0.010,93.882,8.157,115726.5,115.73,39065.46,13465.47,0.302,167.254,0.454,48.754,-0.003,20.000,17.705,Hybrid
126,6.3001,-18.114,1340.252,-0.040,-8.231,-94.101,0.012,94.460,8.231,115768.1,115.77,39063.57,13463.57,0.302,169.698,0.449,49.019,-0.027,20.000,18.114,Hybrid
127,6.3501,-18.528,1335.533,-0.039,-8.299,-94.677,0.013,95.040,8.299,115797.0,115.80,39061.68,13461.68,0.302,172.155,0.444,49.282,-0.052,20.000,18.528,Hybrid
128,6.4001,-18.944,1330.784,-0.038,-8.362,-95.256,0.015,95.622,8.362,115826.4,115.83,39059.78,13459.78,0.303,174.623,0.438,49.542,-0.077,20.000,18.944,Hybrid
129,6.4501,-19.364,1326.007,-0.038,-8.419,-95.836,0.017,96.206,8.419,115856.1,115.86,39057.89,13457.89,0.303,177.097,0.431,49.800,-0.102,20.000,19.364,Hybrid
130,6.5001,-19.786,1321.201,-0.037,-8.470,-96.419,0.019,96.791,8.470,115886.3,115.89,39055.98,13455.98,0.303,179.484,0.423,50.057,-0.127,20.000,19.786,Hybrid
131,6.5501,-20.211,1316.365,-0.036,-8.515,-97.004,0.021,97.377,8.515,115916.8,115.92,39054.08,13454.08,0.303,177.848,0.414,50.311,-0.152,20.000,20.211,Hybrid
132,6.6001,-20.637,1311.500,-0.035,-8.554,-97.590,0.023,97.964,8.554,115947.7,115.95,39052.18,13452.18,0.303,175.340,0.405,50.563,-0.177,20.000,20.637,Hybrid
133,6.6501,-21.066,1306.606,-0.033,-8.585,-98.178,0.025,98.553,8.585,115979.1,115.98,39050.27,13450.27,0.303,172.810,0.395,50.793,-0.202,18.479,21.066,Hybrid
134,6.7001,-21.496,1301.682,-0.032,-8.603,-98.768,0.027,99.142,8.603,116010.8,116.01,39048.37,13448.37,0.303,170.268,0.384,50.943,-0.227,16.041,21.496,Hybrid
135,6.7501,-21.926,1296.729,-0.031,-8.609,-99.358,0.029,99.730,8.609,116043.1,116.04,39046.46,13446.46,0.303,167.720,0.372,51.006,-0.252,13.573,21.926,Hybrid
136,6.8001,-22.356,1291.746,-0.029,-8.602,-99.948,0.030,100.318,8.602,116075.7,116.08,39044.56,13444.56,0.303,165.171,0.359,50.982,-0.276,11.084,22.356,Hybrid
137,6.8501,-22.786,1286.734,-0.028,-8.581,-100.537,0.032,100.903,8.581,116108.6,116.11,39042.66,13442.65,0.303,162.625,0.345,50.869,-0.300,8.582,22.786,Hybrid
138,6.9001,-23.214,1281.693,-0.026,-8.548,-101.123,0.034,101.484,8.548,116141.9,116.14,39040.75,13440.75,0.303,160.087,0.331,50.668,-0.323,6.076,23.214,Hybrid
139,6.9501,-23.641,1276.622,-0.024,-8.502,-101.706,0.035,102.061,8.502,116175.4,116.18,39038.84,13438.85,0.304,157.561,0.316,50.378,-0.345,3.575,23.641,Hybrid
140,7.0001,-24.064,1271.522,-0.023,-8.443,-102.284,0.037,102.632,8.443,116209.2,116.21,39036.94,13436.94,0.304,155.053,0.300,50.001,-0.367,1.087,24.064,Hybrid
141,7.0501,-24.485,1266.394,-0.021,-8.373,-102.856,0.038,103.196,8.373,116243.2,116.24,39035.04,13435.04,0.304,152.565,0.284,49.538,-0.389,-1.379,24.485,Hybrid
142,7.1001,-24.901,1261.237,-0.019,-8.292,-103.421,0.039,103.753,8.292,116277.3,116.28,39033.13,13433.13,0.304,150.103,0.267,48.990,-0.409,-3.817,24.901,Hybrid
143,7.1501,-25.314,1256.052,-0.017,-8.200,-103.979,0.040,104.301,8.200,116311.6,116.31,39031.23,13431.23,0.304,147.671,0.249,48.359,-0.429,-6.218,25.314,Hybrid
144,7.2001,-25.721,1250.839,-0.015,-8.098,-104.528,0.041,104.841,8.098,116345.9,116.35,39029.32,13429.32,0.304,145.273,0.231,47.648,-0.448,-8.578,25.721,Hybrid
145,7.2501,-26.123,1245.599,-0.013,-7.987,-105.069,0.041,105.372,7.987,116380.3,116.38,39027.42,13427.42,0.304,142.912,0.212,46.860,-0.467,-10.889,26.123,Hybrid
146,7.3001,-26.520,1240.333,-0.011,-7.868,-105.599,0.042,105.892,7.868,116414.8,116.41,39025.52,13425.52,0.304,140.592,0.194,45.997,-0.484,-13.148,26.520,Hybrid
147,7.3501,-26.910,1235.039,-0.009,-7.742,-106.121,0.042,106.403,7.742,116449.2,116.45,39023.61,13423.61,0.304,138.318,0.175,45.064,-0.501,-15.349,26.910,Hybrid
148,7.4001,-27.294,1229.721,-0.006,-7.610,-106.631,0.043,106.903,7.610,116483.5,116.48,39021.70,13421.70,0.305,136.092,0.155,44.063,-0.517,-17.489,27.294,Hybrid
149,7.4501,-27.671,1224.376,-0.004,-7.473,-107.132,0.043,107.392,7.473,116517.8,116.52,39019.79,13419.78,0.305,133.918,0.136,42.997,-0.531,-19.566,27.671,Hybrid
150,7.5001,-28.041,1219.008,-0.002,-7.331,-107.624,0.043,107.873,7.331,116552.1,116.55,39017.87,13417.87,0.305,131.799,0.116,41.896,-0.546,-20.001,28.041,Hybrid
151,7.5501,-28.404,1213.615,0.000,-7.188,-108.110,0.043,108.348,7.188,116586.4,116.59,39015.96,13415.96,0.305,129.734,0.096,40.803,-0.559,-20.001,28.404,Hybrid
152,7.6001,-28.760,1208.197,0.002,-7.043,-108.590,0.043,108.818,7.043,116620.9,116.62,39014.04,13414.04,0.305,127.724,0.076,39.720,-0.572,-20.001,28.760,Hybrid
153,7.6501,-29.108,1202.756,0.004,-6.896,-109.065,0.043,109.283,6.896,116655.6,116.66,39012.13,13412.13,0.305,125.768,0.055,38.646,-0.584,-20.001,29.108,Hybrid
154,7.7001,-29.449,1197.291,0.006,-6.748,-109.535,0.043,109.743,6.748,116690.3,116.69,39010.21,13410.21,0.305,123.865,0.035,37.582,-0.596,-20.001,29.449,Hybrid
155,7.7501,-29.783,1191.802,0.009,-6.598,-109.999,0.042,110.197,6.598,116725.1,116.73,39008.30,13408.30,0.305,122.015,0.014,36.527,-0.607,-20.001,29.783,Hybrid
156,7.8001,-30.109,1186.291,0.011,-6.448,-110.459,0.042,110.647,6.448,116760.1,116.76,39006.39,13406.39,0.305,120.218,-0.007,35.481,-0.618,-20.001,30.109,Hybrid
157,7.8501,-30.428,1180.756,0.013,-6.297,-110.913,0.042,111.091,6.297,116795.1,116.80,39004.47,13404.47,0.305,118.472,-0.029,34.445,-0.628,-20.001,30.428,Hybrid
158,7.9001,-30.739,1175.199,0.015,-6.145,-111.362,0.042,111.531,6.145,116830.3,116.83,39002.56,13402.56,0.306,116.778,-0.050,33.418,-0.638,-20.001,30.739,Hybrid
159,7.9501,-31.042,1169.620,0.017,-5.993,-111.806,0.042,111.967,5.993,116865.6,116.87,39000.64,13400.64,0.306,115.136,-0.072,32.400,-0.647,-20.001,31.042,Hybrid
160,8.0001,-31.338,1164.019,0.019,-5.840,-112.246,0.041,112.398,5.840,116901.0,116.90,38998.73,13398.73,0.306,113.544,-0.093,31.391,-0.656,-20.001,31.338,Hybrid
161,8.0501,-31.626,1158.396,0.021,-5.687,-112.681,0.041,112.824,5.687,116936.5,116.94,38996.82,13396.82,0.306,112.002,-0.115,30.391,-0.665,-20.001,31.626,Hybrid
162,8.1001,-31.907,1152.751,0.023,-5.534,-113.111,0.041,113.247,5.534,116972.2,116.97,38994.90,13394.90,0.306,110.510,-0.137,29.399,-0.674,-20.001,31.907,Hybrid
163,8.1501,-32.180,1147.085,0.025,-5.381,-113.537,0.040,113.665,5.381,117007.9,117.01,38992.99,13392.99,0.306,109.067,-0.159,28.417,-0.682,-20.001,32.180,Hybrid
164,8.2001,-32.445,1141.397,0.027,-5.228,-113.959,0.040,114.079,5.228,117043.8,117.04,38991.07,13391.07,0.306,107.673,-0.181,27.443,-0.691,-20.001,32.445,Hybrid
165,8.2501,-32.702,1135.689,0.029,-5.075,-114.377,0.039,114.490,5.075,117079.8,117.08,38989.15,13389.15,0.306,106.328,-0.204,26.477,-0.699,-20.001,32.702,Hybrid
166,8.3001,-32.952,1129.960,0.031,-4.922,-114.791,0.039,114.896,4.923,117115.9,117.12,38987.23,13387.23,0.306,105.030,-0.226,25.520,-0.707,-20.001,32.952,Hybrid
167,8.3501,-33.195,1124.210,0.033,-4.770,-115.201,0.038,115.299,4.770,117152.1,117.15,38985.30,13385.30,0.307,103.781,-0.248,24.572,-0.716,-20.001,33.195,Hybrid
168,8.4001,-33.429,1118.440,0.035,-4.618,-115.607,0.037,115.699,4.618,117188.5,117.19,38983.38,13383.38,0.307,102.578,-0.271,23.632,-0.724,-20.001,33.429,Hybrid
169,8.4501,-33.656,1112.650,0.037,-4.467,-116.009,0.037,116.095,4.467,117225.0,117.23,38981.45,13381.46,0.307,101.422,-0.293,22.700,-0.732,-20.002,33.656,Hybrid
170,8.5001,-33.876,1106.839,0.039,-4.316,-116.409,0.036,116.489,4.316,117261.7,117.26,38979.53,13379.53,0.307,100.313,-0.316,21.776,-0.741,-20.002,33.876,Hybrid
171,8.5501,-34.088,1101.009,0.040,-4.165,-116.804,0.035,116.879,4.165,117298.5,117.30,38977.61,13377.61,0.307,99.250,-0.339,20.861,-0.749,-20.002,34.088,Hybrid
172,8.6001,-34.293,1095.159,0.042,-4.015,-117.197,0.035,117.266,4.015,117335.4,117.34,38975.68,13375.68,0.307,98.232,-0.362,19.953,-0.758,-20.002,34.293,Hybrid
173,8.6502,-34.490,1089.289,0.044,-3.866,-117.586,0.034,117.650,3.866,117372.6,117.37,38973.76,13373.76,0.307,97.259,-0.385,19.054,-0.767,-20.002,34.490,Hybrid
174,8.7002,-34.679,1083.400,0.045,-3.717,-117.973,0.033,118.032,3.717,117409.8,117.41,38971.84,13371.84,0.307,96.331,-0.408,18.162,-0.776,-20.002,34.679,Hybrid
175,8.7502,-34.861,1077.492,0.047,-3.568,-118.357,0.032,118.411,3.569,117447.3,117.45,38969.91,13369.91,0.307,95.448,-0.431,17.278,-0.786,-20.002,34.861,Hybrid
176,8.8002,-35.036,1071.564,0.049,-3.421,-118.738,0.031,118.787,3.421,117484.9,117.48,38967.99,13367.99,0.308,94.608,-0.454,16.402,-0.795,-20.002,35.036,Hybrid
177,8.8502,-35.203,1065.618,0.050,-3.274,-119.116,0.030,119.161,3.274,117522.8,117.52,38966.06,13366.06,0.308,93.812,-0.478,15.534,-0.805,-20.002,35.203,Hybrid
178,8.9002,-35.363,1059.653,0.052,-3.127,-119.492,0.029,119.533,3.127,117560.7,117.56,38964.14,13364.14,0.308,93.060,-0.501,14.673,-0.816,-20.002,35.363,Hybrid
179,8.9502,-35.516,1053.669,0.053,-2.981,-119.866,0.028,119.903,2.981,117598.9,117.60,38962.22,13362.22,0.308,92.350,-0.525,13.820,-0.826,-20.002,35.516,Hybrid
180,9.0002,-35.661,1047.666,0.055,-2.836,-120.237,0.027,120.270,2.836,117624.6,117.62,38960.29,13360.29,0.308,91.682,-0.549,12.974,-0.837,-20.002,35.662,Hybrid
181,9.0502,-35.800,1041.645,0.056,-2.691,-120.606,0.026,120.636,2.691,117639.5,117.64,38958.37,13358.37,0.308,91.057,-0.573,12.136,-0.849,-20.002,35.800,Hybrid
182,9.1002,-35.931,1035.606,0.057,-2.547,-120.973,0.025,121.000,2.547,117654.3,117.65,38956.44,13356.44,0.308,90.473,-0.598,11.306,-0.860,-20.002,35.931,Hybrid
183,9.1502,-36.054,1029.548,0.058,-2.403,-121.339,0.023,121.362,2.404,117669.2,117.67,38954.51,13354.51,0.308,89.931,-0.622,10.482,-0.872,-20.002,36.054,Hybrid
184,9.2002,-36.171,1023.472,0.059,-2.260,-121.702,0.022,121.723,2.260,117684.2,117.68,38952.57,13352.57,0.308,89.430,-0.647,9.667,-0.885,-20.002,36.171,Hybrid
185,9.2502,-36.280,1017.378,0.061,-2.118,-122.064,0.021,122.082,2.118,117699.2,117.70,38950.64,13350.64,0.308,88.969,-0.672,8.858,-0.898,-20.002,36.280,Hybrid
186,9.3002,-36.383,1011.266,0.062,-1.976,-122.424,0.019,122.440,1.976,117714.2,117.71,38948.70,13348.71,0.308,88.548,-0.697,8.057,-0.911,-20.002,36.383,Hybrid
187,9.3502,-36.478,1005.136,0.062,-1.834,-122.783,0.018,122.796,1.834,117729.2,117.73,38946.77,13346.77,0.308,88.168,-0.722,7.262,-0.925,-20.002,36.478,Hybrid
188,9.4002,-36.566,998.988,0.063,-1.693,-123.140,0.016,123.152,1.693,117744.4,117.74,38944.84,13344.84,0.308,87.827,-0.748,6.475,-0.939,-20.002,36.566,Hybrid
189,9.4502,-36.647,992.822,0.064,-1.552,-123.496,0.015,123.506,1.552,117759.5,117.76,38942.91,13342.90,0.308,87.525,-0.774,5.695,-0.953,-20.003,36.647,Hybrid
190,9.5002,-36.721,986.638,0.065,-1.411,-123.851,0.013,123.859,1.411,117774.7,117.77,38940.97,13340.97,0.309,87.262,-0.800,4.922,-0.968,-20.003,36.721,Hybrid
191,9.5502,-36.788,980.437,0.065,-1.271,-124.204,0.012,124.211,1.271,117789.9,117.79,38939.04,13339.04,0.309,87.037,-0.827,4.156,-0.983,-20.003,36.788,Hybrid
192,9.6002,-36.848,974.218,0.066,-1.131,-124.557,0.010,124.562,1.131,117805.1,117.81,38937.10,13337.10,0.309,86.851,-0.854,3.396,-0.999,-20.003,36.849,Hybrid
193,9.6502,-36.902,967.981,0.066,-0.992,-124.909,0.008,124.913,0.992,117820.5,117.82,38935.17,13335.17,0.309,86.702,-0.881,2.644,-1.015,-20.003,36.902,Hybrid
194,9.7002,-36.948,961.727,0.067,-0.852,-125.260,0.006,125.262,0.852,117835.8,117.84,38933.23,13333.24,0.309,86.591,-0.908,1.898,-1.031,-20.003,36.948,Hybrid
195,9.7502,-36.987,955.455,0.067,-0.713,-125.610,0.004,125.612,0.713,117851.2,117.85,38931.30,13331.30,0.309,86.517,-0.936,1.159,-1.048,-20.003,36.987,Hybrid
196,9.8002,-37.019,949.166,0.067,-0.574,-125.959,0.002,125.960,0.574,117866.6,117.87,38929.37,13329.37,0.309,86.480,-0.964,0.426,-1.065,-20.003,37.019,Hybrid
197,9.8502,-37.044,942.859,0.067,-0.434,-126.308,0.000,126.309,0.434,117882.0,117.88,38927.44,13327.44,0.309,86.479,-0.992,-0.300,-1.082,-20.003,37.044,Hybrid
198,9.9002,-37.062,936.535,0.067,-0.295,-126.656,-0.002,126.657,0.295,117897.5,117.90,38925.50,13325.50,0.309,86.514,-1.021,-1.020,-1.100,-20.003,37.062,Hybrid
199,9.9502,-37.074,930.193,0.067,-0.156,-127.004,-0.004,127.005,0.156,117913.0,117.91,38923.57,13323.57,0.309,86.585,-1.050,-1.733,-1.117,-20.004,37.074,Hybrid
200,10.0002,-37.078,923.835,0.067,-0.017,-127.352,-0.007,127.352,0.019,117928.6,117.93,38921.63,13321.63,0.309,86.692,-1.080,-2.440,-1.135,-20.004,37.078,Hybrid
201,10.0502,-37.075,917.458,0.066,0.122,-127.700,-0.009,127.700,0.122,117944.2,117.94,38919.70,13319.70,0.309,86.834,-1.110,-3.141,-1.153,-20.004,37.075,Hybrid
202,10.1002,-37.066,911.065,0.066,0.261,-128.047,-0.012,128.047,0.261,117959.8,117.96,38917.77,13317.77,0.309,87.011,-1.140,-3.835,-1.171,-20.004,37.066,Hybrid
203,10.1502,-37.049,904.654,0.065,0.400,-128.394,-0.014,128.395,0.401,117975.4,117.98,38915.84,13315.83,0.309,87.222,-1.171,-4.523,-1.189,-20.004,37.049,Hybrid
204,10.2002,-37.026,898.225,0.064,0.540,-128.742,-0.017,128.743,0.540,117991.1,117.99,38913.90,13313.90,0.309,87.467,-1.202,-5.205,-1.208,-20.004,37.026,Hybrid
205,10.2502,-36.995,891.779,0.064,0.680,-129.089,-0.020,129.091,0.680,118006.9,118.01,38911.97,13311.97,0.309,87.747,-1.233,-5.881,-1.226,-20.004,36.995,Hybrid
206,10.3002,-36.958,885.316,0.062,0.820,-129.436,-0.023,129.439,0.820,118022.6,118.02,38910.03,13310.03,0.309,88.060,-1.264,-6.551,-1.244,-20.004,36.958,Hybrid
207,10.3502,-36.913,878.836,0.061,0.960,-129.784,-0.026,129.788,0.960,118038.4,118.04,38908.10,13308.10,0.309,88.407,-1.296,-7.215,-1.262,-20.004,36.913,Hybrid
208,10.4002,-36.862,872.338,0.060,1.100,-130.132,-0.029,130.137,1.101,118054.3,118.05,38906.16,13306.17,0.310,88.786,-1.329,-7.873,-1.280,-20.005,36.862,Hybrid
209,10.4502,-36.803,865.823,0.058,1.241,-130.481,-0.032,130.487,1.242,118070.2,118.07,38904.23,13304.23,0.310,89.199,-1.361,-8.525,-1.297,-20.005,36.803,Hybrid
210,10.5002,-36.738,859.290,0.057,1.382,-130.830,-0.036,130.837,1.383,118086.1,118.09,38902.30,13302.30,0.310,89.643,-1.394,-9.172,-1.315,-20.005,36.738,Hybrid
211,10.5502,-36.665,852.740,0.055,1.524,-131.180,-0.039,131.189,1.524,118102.0,118.10,38900.37,13300.37,0.310,90.120,-1.428,-9.812,-1.331,-20.005,36.665,Hybrid
212,10.6002,-36.585,846.172,0.053,1.666,-131.530,-0.043,131.541,1.666,118118.0,118.12,38898.43,13298.43,0.310,90.629,-1.461,-10.447,-1.348,-20.005,36.585,Hybrid
213,10.6502,-36.498,839.587,0.051,1.808,-131.881,-0.047,131.894,1.808,118134.0,118.13,38896.50,13296.50,0.310,91.170,-1.495,-11.076,-1.364,-20.005,36.499,Hybrid
214,10.7002,-36.405,832.984,0.048,1.950,-132.233,-0.051,132.248,1.951,118163.6,118.16,38894.56,13294.56,0.310,91.741,-1.529,-11.700,-1.379,-20.005,36.405,Hybrid
215,10.7502,-36.303,826.363,0.045,2.093,-132.586,-0.055,132.603,2.094,118193.6,118.19,38892.63,13292.63,0.310,92.344,-1.563,-12.318,-1.393,-20.005,36.303,Hybrid
216,10.8002,-36.195,819.725,0.043,2.237,-132.940,-0.059,132.959,2.238,118223.4,118.22,38890.70,13290.70,0.310,92.978,-1.598,-12.931,-1.407,-20.006,36.195,Hybrid
217,10.8502,-36.080,813.069,0.039,2.381,-133.295,-0.064,133.316,2.382,118253.1,118.25,38888.76,13288.76,0.310,93.642,-1.632,-13.539,-1.420,-20.006,36.080,Hybrid
218,10.9002,-35.957,806.396,0.036,2.525,-133.651,-0.069,133.675,2.526,118282.5,118.28,38886.82,13286.82,0.310,94.336,-1.667,-14.141,-1.431,-20.006,35.957,Hybrid
219,10.9502,-35.827,799.704,0.033,2.670,-134.008,-0.073,134.035,2.671,118311.8,118.31,38884.88,13284.87,0.310,95.061,-1.702,-14.738,-1.442,-20.006,35.827,Hybrid
220,11.0002,-35.690,792.995,0.029,2.815,-134.366,-0.078,134.396,2.816,118340.9,118.34,38882.93,13282.93,0.310,95.815,-1.737,-15.329,-1.451,-20.006,35.690,Hybrid
221,11.0502,-35.546,786.268,0.025,2.961,-134.726,-0.084,134.759,2.962,118369.9,118.37,38880.98,13280.99,0.311,96.598,-1.772,-15.916,-1.459,-20.006,35.546,Hybrid
222,11.1002,-35.394,779.522,0.020,3.107,-135.088,-0.089,135.124,3.108,118398.7,118.40,38879.04,13279.04,0.311,97.411,-1.807,-16.497,-1.466,-20.006,35.394,Hybrid
223,11.1502,-35.235,772.759,0.016,3.253,-135.451,-0.095,135.490,3.255,118427.4,118.43,38877.10,13277.10,0.311,98.252,-1.841,-17.074,-1.471,-20.006,35.235,Hybrid
224,11.2002,-35.069,765.977,0.011,3.400,-135.815,-0.101,135.858,3.402,118455.8,118.46,38875.16,13275.16,0.311,99.123,-1.876,-17.645,-1.475,-20.006,35.069,Hybrid
225,11.2502,-34.895,759.177,0.006,3.548,-136.182,-0.107,136.228,3.549,118484.2,118.48,38873.21,13273.21,0.311,100.021,-1.910,-18.211,-1.476,-20.006,34.895,Hybrid
226,11.3002,-34.714,752.359,0.000,3.695,-136.550,-0.113,136.600,3.697,118512.3,118.51,38871.27,13271.27,0.311,100.948,-1.944,-18.772,-1.476,-20.006,34.714,Hybrid
227,11.3502,-34.525,745.522,-0.006,3.843,-136.919,-0.120,136.973,3.845,118540.3,118.54,38869.33,13269.33,0.311,101.903,-1.978,-19.329,-1.474,-20.006,34.525,Hybrid
228,11.4002,-34.330,738.667,-0.012,3.991,-137.291,-0.127,137.349,3.993,118568.2,118.57,38867.38,13267.38,0.311,102.885,-2.011,-19.880,-1.469,-20.006,34.330,Hybrid
229,11.4502,-34.126,731.793,-0.018,4.140,-137.665,-0.134,137.727,4.142,118595.9,118.60,38865.44,13265.44,0.311,103.895,-2.044,-20.427,-1.462,-20.006,34.126,Hybrid
230,11.5002,-33.916,724.900,-0.025,4.288,-138.041,-0.141,138.108,4.291,118623.5,118.62,38863.50,13263.50,0.311,104.932,-2.076,-20.969,-1.453,-20.006,33.916,Hybrid
231,11.5502,-33.697,717.989,-0.032,4.437,-138.419,-0.149,138.490,4.440,118650.9,118.65,38861.55,13261.55,0.311,105.996,-2.108,-21.506,-1.441,-20.006,33.697,Hybrid
232,11.6002,-33.472,711.058,-0.040,4.586,-138.799,-0.157,138.875,4.589,118678.2,118.68,38859.61,13259.61,0.311,107.087,-2.139,-22.038,-1.426,-20.006,33.472,Hybrid
233,11.6502,-33.239,704.109,-0.048,4.735,-139.182,-0.166,139.262,4.738,118705.3,118.71,38857.66,13257.67,0.312,108.204,-2.169,-22.566,-1.409,-20.006,33.239,Hybrid
234,11.7002,-32.998,697.140,-0.057,4.884,-139.567,-0.174,139.652,4.887,118732.2,118.73,38855.72,13255.72,0.312,109.347,-2.198,-23.089,-1.389,-20.005,32.998,Hybrid
235,11.7502,-32.750,690.152,-0.066,5.033,-139.954,-0.183,140.045,5.036,118759.0,118.76,38853.78,13253.78,0.312,110.516,-2.226,-23.608,-1.365,-20.005,32.751,Hybrid
236,11.8002,-32.495,683.144,-0.075,5.182,-140.344,-0.192,140.440,5.185,118785.7,118.79,38851.84,13251.84,0.312,111.711,-2.253,-24.122,-1.339,-20.005,32.495,Hybrid
237,11.8502,-32.232,676.117,-0.085,5.330,-140.736,-0.202,140.837,5.334,118812.2,118.81,38849.89,13249.89,0.312,112.932,-2.279,-24.631,-1.309,-20.005,32.232,Hybrid
238,11.9002,-31.962,669.071,-0.095,5.478,-141.131,-0.212,141.238,5.483,118838.6,118.84,38847.95,13247.95,0.312,114.178,-2.303,-25.136,-1.276,-20.005,31.962,Hybrid
239,11.9502,-31.684,662.004,-0.106,5.626,-141.529,-0.222,141.641,5.631,118864.8,118.86,38846.00,13246.00,0.312,115.448,-2.326,-25.637,-1.239,-20.004,31.685,Hybrid
240,12.0002,-31.399,654.918,-0.117,5.774,-141.929,-0.233,142.047,5.779,118890.9,118.89,38844.04,13244.04,0.312,116.744,-2.347,-26.133,-1.199,-20.004,31.400,Hybrid
241,12.0502,-31.107,647.811,-0.129,5.921,-142.332,-0.244,142.456,5.926,118916.8,118.92,38842.09,13242.09,0.312,118.064,-2.367,-26.625,-1.155,-20.004,31.107,Hybrid
242,12.1002,-30.807,640.685,-0.142,6.067,-142.738,-0.255,142.867,6.073,118942.6,118.94,38840.14,13240.14,0.312,119.409,-2.385,-27.113,-1.107,-20.003,30.808,Hybrid
243,12.1502,-30.500,633.538,-0.155,6.213,-143.147,-0.267,143.282,6.219,118968.3,118.97,38838.18,13238.18,0.312,120.777,-2.401,-27.596,-1.055,-20.003,30.501,Hybrid
244,12.2002,-30.186,626.370,-0.168,6.358,-143.559,-0.279,143.700,6.364,118993.8,118.99,38836.23,13236.23,0.313,122.170,-2.415,-28.075,-1.000,-20.003,30.187,Hybrid
245,12.2502,-29.865,619.182,-0.183,6.502,-143.974,-0.291,144.121,6.508,119019.1,119.02,38834.28,13234.28,0.313,123.586,-2.427,-28.550,-0.940,-20.002,29.865,Hybrid
246,12.3002,-29.536,611.972,-0.197,6.645,-144.391,-0.304,144.544,6.652,119044.4,119.04,38832.32,13232.32,0.313,125.026,-2.437,-29.021,-0.877,-20.002,29.537,Hybrid
247,12.3502,-29.200,604.742,-0.213,6.787,-144.812,-0.317,144.971,6.794,119069.5,119.07,38830.37,13230.37,0.313,126.489,-2.444,-29.488,-0.810,-20.002,29.201,Hybrid
248,12.4002,-28.857,597.491,-0.229,6.927,-145.236,-0.331,145.401,6.935,119094.5,119.09,38828.42,13228.42,0.313,127.974,-2.449,-29.950,-0.738,-20.002,28.858,Hybrid
249,12.4502,-28.507,590.219,-0.246,7.066,-145.662,-0.344,145.834,7.075,119119.4,119.12,38826.46,13226.46,0.313,129.483,-2.451,-30.409,-0.663,-20.001,28.508,Hybrid
250,12.5002,-28.151,582.925,-0.264,7.204,-146.092,-0.359,146.270,7.213,119144.1,119.14,38824.51,13224.51,0.313,131.014,-2.450,-30.863,-0.584,-20.001,28.152,Hybrid
251,12.5502,-27.787,575.610,-0.282,7.340,-146.525,-0.374,146.709,7.350,119168.7,119.17,38822.56,13222.56,0.313,132.568,-2.447,-31.314,-0.501,-20.001,27.788,Hybrid
252,12.6002,-27.417,568.272,-0.301,7.475,-146.961,-0.389,147.152,7.485,119193.2,119.19,38820.61,13220.60,0.313,134.143,-2.440,-31.761,-0.415,-20.000,27.418,Hybrid
253,12.6502,-27.040,560.913,-0.321,7.607,-147.400,-0.404,147.597,7.618,119217.5,119.22,38818.65,13218.65,0.313,135.740,-2.431,-32.203,-0.324,-20.000,27.041,Hybrid
254,12.7002,-26.656,553.532,-0.341,7.738,-147.843,-0.420,148.046,7.749,119241.7,119.24,38816.70,13216.70,0.313,137.359,-2.418,-32.642,-0.230,-20.000,26.658,Hybrid
255,12.7502,-26.266,546.129,-0.363,7.866,-148.288,-0.436,148.497,7.878,119265.8,119.27,38814.75,13214.75,0.313,138.999,-2.402,-33.077,-0.133,-20.000,26.268,Hybrid
256,12.8003,-25.869,538.703,-0.385,7.992,-148.737,-0.453,148.952,8.005,119289.8,119.29,38812.79,13212.79,0.313,140.661,-2.383,-33.509,-0.032,-20.000,25.872,Hybrid
257,12.8503,-25.467,531.255,-0.408,8.115,-149.188,-0.470,149.409,8.129,119313.6,119.31,38810.84,13210.84,0.314,142.343,-2.361,-33.936,0.072,-20.000,25.470,Hybrid
258,12.9003,-25.058,523.785,-0.432,8.236,-149.643,-0.487,149.870,8.251,119337.4,119.34,38808.89,13208.89,0.314,144.046,-2.335,-34.360,0.178,-20.000,25.062,Hybrid
259,12.9503,-24.643,516.291,-0.457,8.355,-150.100,-0.505,150.333,8.370,119361.0,119.36,38806.93,13206.93,0.314,145.769,-2.305,-34.780,0.288,-20.000,24.647,Hybrid
260,13.0003,-24.222,508.775,-0.482,8.470,-150.560,-0.522,150.799,8.486,119384.5,119.38,38804.98,13204.98,0.314,147.512,-2.272,-35.196,0.400,-20.000,24.227,Hybrid
261,13.0503,-23.796,501.235,-0.509,8.582,-151.024,-0.541,151.268,8.599,119407.8,119.41,38803.03,13203.03,0.314,149.274,-2.235,-35.609,0.514,-20.001,23.802,Hybrid
262,13.1003,-23.364,493.672,-0.537,8.692,-151.490,-0.559,151.740,8.710,119431.1,119.43,38801.07,13201.07,0.314,151.056,-2.194,-36.018,0.630,-20.001,23.370,Hybrid
263,13.1503,-22.927,486.086,-0.565,8.797,-151.959,-0.578,152.214,8.816,119454.2,119.45,38799.11,13199.11,0.314,152.857,-2.149,-36.424,0.748,-20.002,22.934,Hybrid
264,13.2003,-22.485,478.476,-0.594,8.900,-152.430,-0.597,152.691,8.920,119477.2,119.48,38797.15,13197.15,0.314,154.677,-2.101,-36.826,0.867,-20.002,22.492,Hybrid
265,13.2503,-22.037,470.843,-0.625,8.999,-152.904,-0.616,153.170,9.020,119500.1,119.50,38795.18,13195.18,0.314,156.514,-2.049,-37.224,0.987,-20.003,22.046,Hybrid
266,13.3003,-21.585,463.186,-0.656,9.094,-153.381,-0.636,153.652,9.116,119522.8,119.52,38793.22,13193.22,0.314,158.368,-1.993,-37.619,1.108,-20.003,21.595,Hybrid
267,13.3503,-21.128,455.505,-0.688,9.185,-153.860,-0.655,154.136,9.208,119545.5,119.55,38791.26,13191.26,0.314,160.238,-1.934,-38.011,1.230,-20.004,21.139,Hybrid
268,13.4003,-20.666,447.800,-0.722,9.272,-154.342,-0.675,154.622,9.296,119568.0,119.57,38789.30,13189.30,0.314,162.124,-1.870,-38.399,1.351,-20.005,20.679,Hybrid
269,13.4503,-20.201,440.070,-0.756,9.354,-154.826,-0.695,155.109,9.380,119590.4,119.59,38787.33,13187.33,0.314,164.022,-1.803,-38.784,1.473,-20.006,20.215,Hybrid
270,13.5003,-19.731,432.317,-0.791,9.433,-155.311,-0.715,155.599,9.460,119612.7,119.61,38785.37,13185.37,0.315,165.931,-1.732,-39.166,1.593,-20.007,19.747,Hybrid
271,13.5503,-19.258,424.539,-0.827,9.507,-155.799,-0.735,156.091,9.535,119634.9,119.63,38783.41,13183.41,0.315,167.846,-1.658,-39.544,1.713,-20.008,19.275,Hybrid
272,13.6003,-18.780,416.737,-0.865,9.576,-156.289,-0.755,156.584,9.606,119657.0,119.66,38781.45,13181.44,0.315,169.759,-1.580,-39.918,1.831,-20.009,18.800,Hybrid
273,13.6503,-18.300,408.911,-0.903,9.640,-156.780,-0.775,157.078,9.672,119679.0,119.68,38779.48,13179.48,0.315,171.656,-1.499,-40.290,1.948,-20.011,18.322,Hybrid
274,13.7003,-17.816,401.059,-0.942,9.700,-157.273,-0.795,157.574,9.733,119700.9,119.70,38777.52,13177.52,0.315,173.506,-1.414,-40.658,2.063,-20.012,17.841,Hybrid
275,13.7503,-17.330,393.183,-0.982,9.755,-157.768,-0.815,158.071,9.789,119722.6,119.72,38775.55,13175.56,0.315,175.229,-1.326,-41.023,2.175,-20.013,17.358,Hybrid
276,13.8003,-16.841,385.282,-1.024,9.804,-158.263,-0.835,158.569,9.840,119744.3,119.74,38773.59,13173.59,0.315,176.593,-1.235,-41.385,2.284,-20.015,16.872,Hybrid
277,13.8503,-16.350,377.357,-1.066,9.848,-158.760,-0.855,159.067,9.885,119765.8,119.77,38771.63,13171.63,0.315,177.011,-1.141,-41.744,2.391,-20.016,16.384,Hybrid
278,13.9003,-15.856,369.406,-1.109,9.886,-159.258,-0.874,159.567,9.925,119787.2,119.79,38769.67,13169.67,0.315,176.131,-1.044,-42.085,2.494,-18.848,15.895,Hybrid
279,13.9503,-15.361,361.431,-1.153,9.914,-159.758,-0.893,160.067,9.954,119808.6,119.81,38767.70,13167.70,0.315,174.533,-0.943,-42.358,2.594,-16.883,15.405,Hybrid
280,14.0003,-14.865,353.431,-1.198,9.930,-160.259,-0.911,160.569,9.972,119815.7,119.82,38765.74,13165.74,0.315,172.661,-0.839,-42.557,2.690,-14.876,14.913,Hybrid
281,14.0503,-14.368,345.405,-1.244,9.936,-160.761,-0.927,161.070,9.979,119817.5,119.82,38763.78,13163.78,0.315,170.675,-0.731,-42.680,2.783,-12.831,14.422,Hybrid
282,14.1003,-13.872,337.355,-1.291,9.930,-161.262,-0.943,161.570,9.975,119819.5,119.82,38761.82,13161.82,0.315,168.635,-0.620,-42.726,2.872,-10.754,13.932,Hybrid
283,14.1503,-13.376,329.279,-1.339,9.913,-161.762,-0.958,162.069,9.959,119821.7,119.82,38759.85,13159.85,0.315,166.566,-0.506,-42.695,2.957,-8.653,13.442,Hybrid
284,14.2003,-12.881,321.178,-1.387,9.885,-162.261,-0.971,162.565,9.932,119824.1,119.82,38757.89,13157.89,0.315,164.484,-0.390,-42.585,3.037,-6.533,12.955,Hybrid
285,14.2503,-12.387,313.053,-1.436,9.845,-162.757,-0.983,163.057,9.894,119826.7,119.83,38755.93,13155.93,0.315,162.399,-0.271,-42.397,3.112,-4.401,12.470,Hybrid
286,14.3003,-11.896,304.903,-1.485,9.795,-163.249,-0.994,163.545,9.845,119829.6,119.83,38753.96,13153.96,0.315,160.318,-0.150,-42.131,3.183,-2.263,11.989,Hybrid
287,14.3503,-11.408,296.728,-1.535,9.733,-163.736,-1.003,164.028,9.785,119832.7,119.83,38752.00,13152.00,0.315,158.247,-0.027,-41.787,3.249,-0.126,11.511,Hybrid
288,14.4003,-10.923,288.529,-1.585,9.661,-164.219,-1.011,164.506,9.714,119836.1,119.84,38750.04,13150.04,0.315,156.192,0.096,-41.366,3.309,2.005,11.038,Hybrid
289,14.4503,-10.442,280.306,-1.636,9.579,-164.696,-1.017,164.977,9.633,119839.7,119.84,38748.07,13148.08,0.315,154.158,0.221,-40.868,3.364,4.124,10.570,Hybrid
290,14.5003,-9.965,272.060,-1.687,9.487,-165.166,-1.022,165.441,9.542,119843.6,119.84,38746.11,13146.11,0.315,152.148,0.346,-40.297,3.415,6.225,10.107,Hybrid
291,14.5503,-9.494,263.790,-1.738,9.387,-165.629,-1.025,165.898,9.443,119847.8,119.85,38744.15,13144.15,0.315,150.166,0.471,-39.652,3.460,8.303,9.651,Hybrid
292,14.6003,-9.027,255.497,-1.790,9.278,-166.084,-1.027,166.346,9.334,119852.3,119.85,38742.19,13142.19,0.315,148.218,0.596,-38.937,3.499,10.354,9.203,Hybrid
293,14.6503,-8.566,247.182,-1.841,9.161,-166.531,-1.028,166.786,9.218,119857.1,119.86,38740.22,13140.22,0.316,146.306,0.720,-38.153,3.534,12.373,8.762,Hybrid
294,14.7003,-8.111,238.844,-1.892,9.037,-166.970,-1.027,167.217,9.095,119862.1,119.86,38738.26,13138.26,0.316,144.434,0.844,-37.302,3.564,14.356,8.329,Hybrid
295,14.7503,-7.662,230.485,-1.944,8.907,-167.399,-1.024,167.639,8.965,119867.6,119.87,38736.30,13136.30,0.316,142.606,0.966,-36.388,3.589,16.301,7.905,Hybrid
296,14.8003,-7.220,222.104,-1.995,8.770,-167.820,-1.020,168.052,8.830,119873.4,119.87,38734.34,13134.33,0.316,140.824,1.086,-35.413,3.609,18.203,7.491,Hybrid
297,14.8503,-6.785,213.703,-2.046,8.629,-168.232,-1.015,168.456,8.689,119879.5,119.88,38732.37,13132.37,0.316,139.093,1.205,-34.380,3.625,20.037,7.087,Hybrid
298,14.9003,-6.358,205.281,-2.096,8.485,-168.637,-1.009,168.853,8.544,119886.1,119.89,38730.41,13130.41,0.316,137.413,1.323,-33.327,3.636,20.037,6.694,Hybrid
299,14.9503,-5.937,196.839,-2.146,8.338,-169.037,-1.002,169.245,8.398,119893.0,119.89,38728.45,13128.45,0.316,135.785,1.439,-32.284,3.645,20.037,6.313,Hybrid
300,15.0003,-5.524,188.378,-2.196,8.190,-169.432,-0.995,169.633,8.250,119900.4,119.90,38726.48,13126.48,0.316,134.209,1.555,-31.251,3.650,20.037,5.944,Hybrid
301,15.0503,-5.118,179.896,-2.246,8.040,-169.822,-0.987,170.015,8.101,119908.2,119.91,38724.52,13124.52,0.316,132.684,1.670,-30.226,3.652,20.037,5.589,Hybrid
302,15.1003,-4.720,171.396,-2.295,7.889,-170.208,-0.978,170.394,7.950,119916.4,119.92,38722.56,13122.56,0.316,131.209,1.784,-29.211,3.651,20.037,5.248,Hybrid
303,15.1503,-4.329,162.876,-2.344,7.737,-170.589,-0.969,170.768,7.797,119925.2,119.93,38720.59,13120.59,0.316,129.785,1.897,-28.205,3.648,20.037,4.923,Hybrid
304,15.2003,-3.946,154.337,-2.392,7.583,-170.966,-0.959,171.137,7.644,119934.5,119.93,38718.63,13118.63,0.316,128.410,2.009,-27.209,3.642,20.037,4.614,Hybrid
305,15.2503,-3.571,145.779,-2.440,7.429,-171.339,-0.948,171.502,7.489,119944.3,119.94,38716.67,13116.67,0.316,127.085,2.119,-26.221,3.635,20.037,4.325,Hybrid
306,15.3003,-3.203,137.203,-2.487,7.273,-171.707,-0.937,171.864,7.333,119954.7,119.95,38714.71,13114.71,0.316,125.809,2.228,-25.242,3.625,20.037,4.055,Hybrid
307,15.3503,-2.843,128.608,-2.533,7.117,-172.071,-0.926,172.221,7.177,119965.6,119.97,38712.74,13112.74,0.316,124.582,2.336,-24.272,3.613,20.037,3.808,Hybrid
308,15.4003,-2.492,119.996,-2.579,6.960,-172.432,-0.914,172.574,7.020,119977.3,119.98,38710.78,13110.78,0.316,123.402,2.443,-23.311,3.599,20.036,3.586,Hybrid
309,15.4503,-2.147,111.365,-2.625,6.803,-172.788,-0.901,172.924,6.862,119989.5,119.99,38708.82,13108.82,0.316,122.270,2.547,-22.358,3.584,20.036,3.391,Hybrid
310,15.5003,-1.811,102.717,-2.669,6.645,-173.140,-0.888,173.270,6.704,120002.5,120.00,38706.86,13106.85,0.316,121.186,2.651,-21.414,3.567,20.036,3.226,Hybrid
311,15.5503,-1.483,94.051,-2.713,6.487,-173.489,-0.874,173.613,6.545,120016.3,120.02,38704.89,13104.89,0.316,120.148,2.753,-20.479,3.549,20.035,3.092,Hybrid
312,15.6003,-1.163,85.368,-2.757,6.328,-173.834,-0.860,173.952,6.386,120030.8,120.03,38702.93,13102.93,0.316,119.156,2.853,-19.552,3.530,20.035,2.992,Hybrid
313,15.6503,-0.850,76.668,-2.799,6.169,-174.176,-0.845,174.288,6.227,120046.2,120.05,38700.95,13100.95,0.316,118.211,2.952,-18.633,3.510,20.035,2.926,Hybrid
314,15.7003,-0.546,67.951,-2.841,6.010,-174.515,-0.829,174.620,6.067,120062.5,120.06,38698.98,13098.98,0.316,117.311,3.049,-17.723,3.489,20.034,2.893,Hybrid
315,15.7503,-0.249,59.216,-2.882,5.851,-174.850,-0.813,174.950,5.907,120079.7,120.08,38697.01,13097.01,0.316,116.456,3.144,-16.821,3.466,20.034,2.893,Hybrid
316,15.8003,0.039,50.466,-2.923,5.692,-175.182,-0.796,175.277,5.748,119459.8,119.46,38695.05,13095.05,0.315,115.646,3.237,-15.929,3.443,20.033,2.923,Hybrid
317,15.8503,0.320,41.698,-2.962,5.534,-175.512,-0.779,175.601,5.589,119134.4,119.13,38693.09,13093.09,0.314,114.880,3.329,-15.048,3.418,20.033,2.979,Hybrid
318,15.9003,0.593,32.915,-3.000,5.376,-175.838,-0.762,175.922,5.430,118863.0,118.86,38691.14,13091.14,0.313,114.157,3.418,-14.177,3.393,20.032,3.058,Hybrid
319,15.9503,0.858,24.115,-3.038,5.219,-176.162,-0.744,176.241,5.271,118646.0,118.65,38689.20,13089.20,0.313,113.478,3.505,-13.315,3.367,20.032,3.157,Hybrid
320,16.0003,1.115,15.298,-3.075,5.062,-176.483,-0.725,176.557,5.113,118486.6,118.49,38687.25,13087.25,0.312,112.841,3.590,-12.462,3.340,20.031,3.271,Hybrid
321,16.0503,1.364,6.466,-3.111,4.905,-176.801,-0.706,176.871,4.955,118389.5,118.39,38685.31,13085.31,0.312,112.247,3.674,-11.618,3.312,20.031,3.396,Hybrid
322,16.0853,1.534,0.274,-3.135,4.821,-177.022,-0.695,177.089,4.871,77394.7,77.39,38684.29,13084.29,0.204,111.854,3.711,-11.159,3.284,20.030,3.490,Hybrid
323,16.0903,1.558,-0.611,-3.139,4.811,-177.054,-0.694,177.120,4.861,77390.3,77.39,38684.16,13084.16,0.204,111.799,3.715,-11.100,3.279,20.030,3.504,Hybrid
